framework,num_nodes,num_workers_per_node,num_actors,startup_time,shutdown_time
aeris,64,52,3328,16.602221743999998,0.72228719
aeris,64,52,3328,7.473618166,0.757967601
aeris,64,52,3328,7.603371954,0.756293391
aeris,64,52,3328,7.748331217,0.747929051
aeris,64,52,3328,7.5578322270000005,0.758235607
aeris,64,52,3328,7.570724793,0.751390063
